priority,category,title,year,url,pdf_url,key_value
1,professional_intent,"The Role of Communication and Reference Songs in the Mixing Process: Insights from Professional Mix Engineers",2023,https://arxiv.org/abs/2309.03404,https://arxiv.org/pdf/2309.03404.pdf,"Professional intent inference, references, collaboration, stopping criteria"
2,professional_intent,"MixAssist: An Audio-Language Dataset for Co-Creative AI Assistance in Music Mixing",2025,https://arxiv.org/abs/2507.06329,https://arxiv.org/pdf/2507.06329.pdf,"Multi-turn audio-grounded producer dialogue"
3,workflow,"It's All About Speed: AI's Impact on Workflow in Music Production",2026,https://arxiv.org/abs/2605.29931,https://arxiv.org/pdf/2605.29931.pdf,"Professional AI workflow, controllability, creative agency"
4,semantic_language,"Word Embeddings for Automatic Equalization in Audio Mixing",2022,https://arxiv.org/abs/2202.08898,https://arxiv.org/pdf/2202.08898.pdf,"Semantic descriptors as production controls"
5,semantic_language,"Beyond Musical Descriptors: Extracting Preference-Bearing Intent in Music Queries",2026,https://arxiv.org/abs/2602.12301,https://arxiv.org/pdf/2602.12301.pdf,"Desired vs rejected vs referential descriptors"
6,semantic_language,"MusicSem: A Semantically Rich Language--Audio Dataset of Natural Music Descriptions",2026,https://arxiv.org/abs/2602.17769,https://arxiv.org/pdf/2602.17769.pdf,"Natural human language about music and context"
7,semantic_language,"A Semantic Timbre Dataset for the Electric Guitar",2026,https://arxiv.org/abs/2603.16682,https://arxiv.org/pdf/2603.16682.pdf,"Source-specific semantic timbre vocabulary"
8,quality_and_workflow,"Exploring Trends in Audio Mixes and Masters: Insights from a Dataset Analysis",2024,https://arxiv.org/abs/2412.03373,https://arxiv.org/pdf/2412.03373.pdf,"Empirical real-world mix/master trends across genres"
9,quality_and_emotion,"An Empirical Approach to the Relationship Between Emotion and Music Production Quality",2018,https://arxiv.org/abs/1803.11154,https://arxiv.org/pdf/1803.11154.pdf,"Production quality, emotional communication, listener expertise"
